Date	Close		
11/30/2010 16:00:00	727.01		2.22%
12/1/2010 16:00:00	743.14		1.08%
12/2/2010 16:00:00	751.2		0.69%
12/3/2010 16:00:00	756.42		0.59%
12/6/2010 16:00:00	760.86		0.47%
12/7/2010 16:00:00	764.42		-0.05%
12/8/2010 16:00:00	764.04		0.47%
12/9/2010 16:00:00	767.63		1.20%
12/10/2010 16:00:00	776.83		-0.61%
12/13/2010 16:00:00	772.1		-0.06%
12/14/2010 16:00:00	771.66		-0.43%
12/15/2010 16:00:00	768.36		1.07%
12/16/2010 16:00:00	776.56		0.38%
12/17/2010 16:00:00	779.51		0.36%
12/20/2010 16:00:00	782.3		1.05%
12/21/2010 16:00:00	790.52		0.01%
12/22/2010 16:00:00	790.59		-0.21%
12/23/2010 16:00:00	788.96		0.43%
12/27/2010 16:00:00	792.35		-0.36%
12/28/2010 16:00:00	789.46		0.10%
12/29/2010 16:00:00	790.26		-0.07%
12/30/2010 16:00:00	789.74		-0.77%
12/31/2010 16:00:00	783.65		1.90%
1/3/2011 16:00:00	798.56		-1.59%
1/4/2011 16:00:00	785.83		1.18%
1/5/2011 16:00:00	795.09		-0.46%
1/6/2011 16:00:00	791.42		-0.45%
1/7/2011 16:00:00	787.83		0.48%
1/10/2011 16:00:00	791.58		0.40%
1/11/2011 16:00:00	794.76		0.83%
1/12/2011 16:00:00	801.36		-0.09%
1/13/2011 16:00:00	800.65		0.86%
1/14/2011 16:00:00	807.57		0.00%
1/18/2011 16:00:00	807.56		-2.56%
1/19/2011 16:00:00	786.89		-1.12%
1/20/2011 16:00:00	778.08		-0.63%
1/21/2011 16:00:00	773.18		0.79%
1/24/2011 16:00:00	779.28		0.09%
1/25/2011 16:00:00	779.96		1.76%
1/26/2011 16:00:00	793.72		0.22%
1/27/2011 16:00:00	795.43		-2.52%
1/28/2011 16:00:00	775.4		0.75%
1/31/2011 16:00:00	781.25		2.26%
2/1/2011 16:00:00	798.89		-0.34%
2/2/2011 16:00:00	796.16		0.31%
2/3/2011 16:00:00	798.63		0.19%
2/4/2011 16:00:00	800.11		1.03%
2/7/2011 16:00:00	808.32		0.66%
2/8/2011 16:00:00	813.69		-0.54%
2/9/2011 16:00:00	809.27		0.42%
2/10/2011 16:00:00	812.7		1.16%
2/11/2011 16:00:00	822.11		0.46%
2/14/2011 16:00:00	825.9		-0.71%
2/15/2011 16:00:00	820.03		1.02%
2/16/2011 16:00:00	828.37		0.68%
2/17/2011 16:00:00	834.02		0.10%
2/18/2011 16:00:00	834.82		-2.62%
2/22/2011 16:00:00	812.96		-1.64%
2/23/2011 16:00:00	799.65		0.57%
2/24/2011 16:00:00	804.18		2.21%
2/25/2011 16:00:00	821.95		0.18%
2/28/2011 16:00:00	823.45		-1.99%
3/1/2011 16:00:00	807.08		0.47%
3/2/2011 16:00:00	810.9		2.22%
3/3/2011 16:00:00	828.89		-0.47%
3/4/2011 16:00:00	824.99		-1.54%
3/7/2011 16:00:00	812.25		1.53%
3/8/2011 16:00:00	824.66		-0.42%
3/9/2011 16:00:00	821.19		-2.64%
3/10/2011 16:00:00	799.53		0.41%
3/11/2011 16:00:00	802.83		-0.58%
3/14/2011 16:00:00	798.17		-0.86%
3/15/2011 16:00:00	791.33		-1.19%
3/16/2011 16:00:00	781.9		0.46%
3/17/2011 16:00:00	785.52		1.16%
3/18/2011 16:00:00	794.66		2.31%
3/21/2011 16:00:00	813.02		-0.54%
3/22/2011 16:00:00	808.66		0.32%
3/23/2011 16:00:00	811.24		0.72%
3/24/2011 16:00:00	817.1		0.83%
3/25/2011 16:00:00	823.85		-0.25%
3/28/2011 16:00:00	821.77		0.94%
3/29/2011 16:00:00	829.49		1.31%
3/30/2011 16:00:00	840.37		0.38%
3/31/2011 16:00:00	843.55		0.38%
4/1/2011 16:00:00	846.77		0.31%
4/4/2011 16:00:00	849.36		0.47%
4/5/2011 16:00:00	853.31		0.10%
4/6/2011 16:00:00	854.17		-0.55%
4/7/2011 16:00:00	849.44		-1.01%
4/8/2011 16:00:00	840.89		-0.84%
4/11/2011 16:00:00	833.86		-1.39%
4/12/2011 16:00:00	822.27		0.20%
4/13/2011 16:00:00	823.92		0.43%
4/14/2011 16:00:00	827.47		0.91%
4/15/2011 16:00:00	834.98		-1.61%
4/18/2011 16:00:00	821.51		0.18%
4/19/2011 16:00:00	823.01		2.00%
4/20/2011 16:00:00	839.45		0.74%
4/21/2011 16:00:00	845.64		-0.17%
4/25/2011 16:00:00	844.23		1.04%
4/26/2011 16:00:00	853.04		0.62%
4/27/2011 16:00:00	858.31		0.38%
4/28/2011 16:00:00	861.55		0.43%
4/29/2011 16:00:00	865.29		-1.22%
5/2/2011 16:00:00	854.77		-1.29%
5/3/2011 16:00:00	843.77		-1.29%
5/4/2011 16:00:00	832.9		-0.44%
5/5/2011 16:00:00	829.24		0.49%
5/6/2011 16:00:00	833.34		1.14%
5/9/2011 16:00:00	842.8		1.56%
5/10/2011 16:00:00	855.91		-1.78%
5/11/2011 16:00:00	840.66		0.82%
5/12/2011 16:00:00	847.53		-1.40%
5/13/2011 16:00:00	835.67		-1.53%
5/16/2011 16:00:00	822.91		-0.31%
5/17/2011 16:00:00	820.36		1.60%
5/18/2011 16:00:00	833.45		0.21%
5/19/2011 16:00:00	835.16		-0.73%
5/20/2011 16:00:00	829.06		-1.81%
5/23/2011 16:00:00	814.04		-0.46%
5/24/2011 16:00:00	810.33		1.30%
5/25/2011 16:00:00	820.87		1.22%
5/26/2011 16:00:00	830.87		0.65%
5/27/2011 16:00:00	836.26		1.44%
5/31/2011 16:00:00	848.3		-3.17%
6/1/2011 16:00:00	821.4		-0.09%
6/2/2011 16:00:00	820.69		-1.53%
6/3/2011 16:00:00	808.13		-1.59%
6/6/2011 16:00:00	795.32		0.28%
6/7/2011 16:00:00	797.55		-1.19%
6/8/2011 16:00:00	788.04		0.58%
6/9/2011 16:00:00	792.64		-1.65%
6/10/2011 16:00:00	779.54		-0.30%
6/13/2011 16:00:00	777.2		2.16%
6/14/2011 16:00:00	793.99		-1.83%
6/15/2011 16:00:00	779.46		0.27%
6/16/2011 16:00:00	781.54		0.03%
6/17/2011 16:00:00	781.75		0.86%
6/20/2011 16:00:00	788.48		2.27%
6/21/2011 16:00:00	806.37		-0.81%
6/22/2011 16:00:00	799.87		0.35%
6/23/2011 16:00:00	802.68		-0.61%
6/24/2011 16:00:00	797.79		0.92%
6/27/2011 16:00:00	805.14		1.51%
6/28/2011 16:00:00	817.31		0.32%
6/29/2011 16:00:00	819.92		0.92%
6/30/2011 16:00:00	827.43		1.52%
7/1/2011 16:00:00	840.04		0.19%
7/5/2011 16:00:00	841.62		0.43%
7/6/2011 16:00:00	845.23		1.52%
7/7/2011 16:00:00	858.11		-0.65%
7/8/2011 16:00:00	852.57		-2.23%
7/11/2011 16:00:00	833.54		-0.45%
7/12/2011 16:00:00	829.77		0.87%
7/13/2011 16:00:00	836.98		-1.63%
7/14/2011 16:00:00	823.32		0.66%
7/15/2011 16:00:00	828.78		-1.55%
7/18/2011 16:00:00	815.97		2.29%
7/19/2011 16:00:00	834.62		-0.27%
7/20/2011 16:00:00	832.34		1.07%
7/21/2011 16:00:00	841.26		0.07%
7/22/2011 16:00:00	841.82		-1.24%
7/25/2011 16:00:00	831.4		-0.79%
7/26/2011 16:00:00	824.83		-2.95%
7/27/2011 16:00:00	800.53		-0.15%
7/28/2011 16:00:00	799.34		-0.29%
7/29/2011 16:00:00	797.03		-0.52%
8/1/2011 16:00:00	792.85		-3.26%
8/2/2011 16:00:00	767		0.75%
8/3/2011 16:00:00	772.78		-5.95%
8/4/2011 16:00:00	726.8		-1.67%
8/5/2011 16:00:00	714.63		-8.91%
8/8/2011 16:00:00	650.96		6.94%
8/9/2011 16:00:00	696.16		-5.16%
8/10/2011 16:00:00	660.21		5.40%
8/11/2011 16:00:00	695.89		0.23%
8/12/2011 16:00:00	697.5		3.03%
8/15/2011 16:00:00	718.63		-1.93%
8/16/2011 16:00:00	704.76		-0.10%
8/17/2011 16:00:00	704.03		-5.90%
8/18/2011 16:00:00	662.51		-1.63%
8/19/2011 16:00:00	651.7		-0.06%
8/22/2011 16:00:00	651.34		4.87%
8/23/2011 16:00:00	683.07		1.39%
8/24/2011 16:00:00	692.57		-2.62%
8/25/2011 16:00:00	674.42		2.58%
8/26/2011 16:00:00	691.79		4.75%
8/29/2011 16:00:00	724.65		0.47%
8/30/2011 16:00:00	728.08		-0.17%
8/31/2011 16:00:00	726.81		-2.46%
9/1/2011 16:00:00	708.92		-3.61%
9/2/2011 16:00:00	683.36		-0.36%
9/6/2011 16:00:00	680.87		4.20%
9/7/2011 16:00:00	709.47		-2.05%
9/8/2011 16:00:00	694.92		-3.02%
9/9/2011 16:00:00	673.96		0.86%
9/12/2011 16:00:00	679.76		1.76%
9/13/2011 16:00:00	691.74		1.79%
9/14/2011 16:00:00	704.12		1.33%
9/15/2011 16:00:00	713.51		0.11%
9/16/2011 16:00:00	714.31		-1.69%
9/19/2011 16:00:00	702.23		-1.75%
9/20/2011 16:00:00	689.95		-3.68%
9/21/2011 16:00:00	664.58		-3.18%
9/22/2011 16:00:00	643.42		1.40%
9/23/2011 16:00:00	652.43		2.02%
9/26/2011 16:00:00	665.62		2.19%
9/27/2011 16:00:00	680.23		-4.15%
9/28/2011 16:00:00	651.97		1.66%
9/29/2011 16:00:00	662.8		-2.81%
9/30/2011 16:00:00	644.16		-5.38%
10/3/2011 16:00:00	609.49		6.42%
10/4/2011 16:00:00	648.64		1.46%
10/5/2011 16:00:00	658.11		2.38%
10/6/2011 16:00:00	673.8		-2.61%
10/7/2011 16:00:00	656.21		4.37%
10/10/2011 16:00:00	684.9		0.59%
10/11/2011 16:00:00	688.97		1.66%
10/12/2011 16:00:00	700.38		-0.22%
10/13/2011 16:00:00	698.82		1.95%
10/14/2011 16:00:00	712.46		-3.35%
10/17/2011 16:00:00	688.6		3.01%
10/18/2011 16:00:00	709.34		-2.11%
10/19/2011 16:00:00	694.37		0.30%
10/20/2011 16:00:00	696.42		2.30%
10/21/2011 16:00:00	712.42		3.31%
10/24/2011 16:00:00	736.03		-3.04%
10/25/2011 16:00:00	713.65		1.89%
10/26/2011 16:00:00	727.15		5.26%
10/27/2011 16:00:00	765.43		-0.58%
10/28/2011 16:00:00	761		-2.62%
10/31/2011 16:00:00	741.06		-3.67%
11/1/2011 16:00:00	713.89		2.71%
11/2/2011 16:00:00	733.26		2.49%
11/3/2011 16:00:00	751.53		-0.67%
11/4/2011 16:00:00	746.49		-0.18%
11/7/2011 16:00:00	745.11		1.36%
11/8/2011 16:00:00	755.27		-4.82%
11/9/2011 16:00:00	718.86		0.92%
11/10/2011 16:00:00	725.5		2.64%
11/11/2011 16:00:00	744.64		-1.58%
11/14/2011 16:00:00	732.89		1.39%
11/15/2011 16:00:00	743.08		-1.78%
11/16/2011 16:00:00	729.86		-1.52%
11/17/2011 16:00:00	718.74		0.09%
11/18/2011 16:00:00	719.42		-2.44%
11/21/2011 16:00:00	701.9		-0.80%
11/22/2011 16:00:00	696.26		-3.15%
11/23/2011 16:00:00	674.34		-1.21%
11/25/2011 13:00:00	666.16		4.76%
11/28/2011 16:00:00	697.9		-0.26%
11/29/2011 16:00:00	696.1		5.94%
11/30/2011 16:00:00	737.42		-0.90%
12/1/2011 16:00:00	730.75		0.58%
12/2/2011 16:00:00	735.02		1.63%
12/5/2011 16:00:00	747.03		-0.03%
12/6/2011 16:00:00	746.78		-0.09%
12/7/2011 16:00:00	746.14		-3.14%
12/8/2011 16:00:00	722.68		3.14%
12/9/2011 16:00:00	745.4		-1.64%
12/12/2011 16:00:00	733.15		-2.06%
12/13/2011 16:00:00	718.06		-1.34%
12/14/2011 16:00:00	708.46		1.07%
12/15/2011 16:00:00	716.01		0.84%
12/16/2011 16:00:00	722.05		-1.87%
12/19/2011 16:00:00	708.56		4.19%
12/20/2011 16:00:00	738.22		0.30%
12/21/2011 16:00:00	740.45		0.68%
12/22/2011 16:00:00	745.51		0.33%
12/23/2011 16:00:00	747.98		0.45%
12/27/2011 16:00:00	751.31		-2.14%
12/28/2011 16:00:00	735.21		1.33%
12/29/2011 16:00:00	744.98		-0.54%
12/30/2011 16:00:00	740.92		1.53%
1/3/2012 16:00:00	752.28		-0.66%
1/4/2012 16:00:00	747.28		0.67%
1/5/2012 16:00:00	752.29		-0.34%
1/6/2012 16:00:00	749.71		0.51%
1/9/2012 16:00:00	753.51		1.49%
1/10/2012 16:00:00	764.75		0.33%
1/11/2012 16:00:00	767.24		0.42%
1/12/2012 16:00:00	770.49		-0.82%
1/13/2012 16:00:00	764.2		0.17%
1/17/2012 16:00:00	765.53		1.79%
1/18/2012 16:00:00	779.26		0.40%
1/19/2012 16:00:00	782.37		0.29%
1/20/2012 16:00:00	784.62		-0.20%
1/23/2012 16:00:00	783.05		0.67%
1/24/2012 16:00:00	788.27		0.93%
1/25/2012 16:00:00	795.58		-0.34%
1/26/2012 16:00:00	792.91		0.75%
1/27/2012 16:00:00	798.85		-0.81%
1/30/2012 16:00:00	792.38		0.06%
1/31/2012 16:00:00	792.82		2.12%
2/1/2012 16:00:00	809.66		0.40%
2/2/2012 16:00:00	812.89		2.24%
2/3/2012 16:00:00	831.11		-0.33%
2/6/2012 16:00:00	828.37		-0.12%
2/7/2012 16:00:00	827.37		0.12%
2/8/2012 16:00:00	828.39		-0.41%
2/9/2012 16:00:00	824.99		-1.41%
2/10/2012 16:00:00	813.33		1.41%
2/13/2012 16:00:00	824.81		-0.50%
2/14/2012 16:00:00	820.65		-0.81%
2/15/2012 16:00:00	813.98		1.96%
2/16/2012 16:00:00	829.96		-0.15%
2/17/2012 16:00:00	828.68		-0.66%
2/21/2012 16:00:00	823.22		-0.82%
2/22/2012 16:00:00	816.5		1.56%
2/23/2012 16:00:00	829.23		-0.28%
2/24/2012 16:00:00	826.92		-0.03%
2/27/2012 16:00:00	826.66		-0.35%
2/28/2012 16:00:00	823.8		-1.56%
2/29/2012 16:00:00	810.94		0.53%
3/1/2012 16:00:00	815.22		-1.57%
3/2/2012 16:00:00	802.42		0.15%
3/5/2012 16:00:00	803.65		-2.06%
3/6/2012 16:00:00	787.09		1.13%
3/7/2012 16:00:00	795.95		1.31%
3/8/2012 16:00:00	806.34		1.32%
3/9/2012 16:00:00	817		-0.33%
3/12/2012 16:00:00	814.29		2.08%
3/13/2012 16:00:00	831.23		-0.94%
3/14/2012 16:00:00	823.4		0.98%
3/15/2012 16:00:00	831.46		-0.15%
3/16/2012 16:00:00	830.18		0.91%
3/19/2012 16:00:00	837.77		-1.02%
3/20/2012 16:00:00	829.24		0.08%
3/21/2012 16:00:00	829.92		-1.02%
3/22/2012 16:00:00	821.44		1.05%
3/23/2012 16:00:00	830.03		1.94%
3/26/2012 16:00:00	846.13		-0.73%
3/27/2012 16:00:00	839.98		-0.66%
3/28/2012 16:00:00	834.45		-0.27%
3/29/2012 16:00:00	832.22		-0.23%
3/30/2012 16:00:00	830.3		1.24%
4/2/2012 16:00:00	840.63		-0.69%
4/3/2012 16:00:00	834.8		-1.73%
4/4/2012 16:00:00	820.38		-0.27%
4/5/2012 16:00:00	818.18		-1.80%
4/9/2012 16:00:00	803.46		-2.40%
4/10/2012 16:00:00	784.15		1.59%
4/11/2012 16:00:00	796.59		1.51%
4/12/2012 16:00:00	808.59		-1.52%
4/13/2012 16:00:00	796.29		0.22%
4/16/2012 16:00:00	798.08		1.57%
4/17/2012 16:00:00	810.63		-0.90%
4/18/2012 16:00:00	803.32		-0.55%
4/19/2012 16:00:00	798.9		0.64%
4/20/2012 16:00:00	804.05		-1.52%
4/23/2012 16:00:00	791.85		0.78%
4/24/2012 16:00:00	798.05		1.76%
4/25/2012 16:00:00	812.12		0.76%
4/26/2012 16:00:00	818.33		0.87%
4/27/2012 16:00:00	825.47		-1.04%
4/30/2012 16:00:00	816.88		-0.12%
5/1/2012 16:00:00	815.89		0.33%
5/2/2012 16:00:00	818.6		-1.47%
5/3/2012 16:00:00	806.59		-1.83%
5/4/2012 16:00:00	791.84		0.25%
5/7/2012 16:00:00	793.81		-0.09%
5/8/2012 16:00:00	793.06		-0.52%
5/9/2012 16:00:00	788.92		0.36%
5/10/2012 16:00:00	791.75		-0.21%
5/11/2012 16:00:00	790.06		-1.41%
5/14/2012 16:00:00	778.95		-0.20%
5/15/2012 16:00:00	777.36		-0.68%
5/16/2012 16:00:00	772.11		-2.30%
5/17/2012 16:00:00	754.33		-0.94%
5/18/2012 16:00:00	747.21		2.33%
5/21/2012 16:00:00	764.64		-0.66%
5/22/2012 16:00:00	759.63		0.73%
5/23/2012 16:00:00	765.17		0.18%
5/24/2012 16:00:00	766.57		-0.02%
5/25/2012 16:00:00	766.41		1.40%
5/29/2012 16:00:00	777.16		-1.95%
5/30/2012 16:00:00	762		-0.02%
5/31/2012 16:00:00	761.82		-3.20%
6/1/2012 16:00:00	737.42		-0.02%
6/4/2012 16:00:00	737.24		1.20%
6/5/2012 16:00:00	746.09		2.56%
6/6/2012 16:00:00	765.17		-0.63%
6/7/2012 16:00:00	760.34		1.16%
6/8/2012 16:00:00	769.19		-2.36%
6/11/2012 16:00:00	751.01		1.40%
6/12/2012 16:00:00	761.53		-1.20%
6/13/2012 16:00:00	752.38		1.32%
6/14/2012 16:00:00	762.34		1.18%
6/15/2012 16:00:00	771.32		0.16%
6/18/2012 16:00:00	772.53		1.80%
6/19/2012 16:00:00	786.43		-0.30%
6/20/2012 16:00:00	784.05		-2.45%
6/21/2012 16:00:00	764.83		1.35%
6/22/2012 16:00:00	775.16		-1.71%
6/25/2012 16:00:00	761.9		0.41%
6/26/2012 16:00:00	765.02		1.47%
6/27/2012 16:00:00	776.24		-0.05%
6/28/2012 16:00:00	775.89		2.91%
6/29/2012 16:00:00	798.49		1.18%
7/2/2012 16:00:00	807.94		1.31%
7/3/2012 16:00:00	818.49		-0.13%
7/5/2012 16:00:00	817.43		-1.26%
7/6/2012 16:00:00	807.14		-0.29%
7/9/2012 16:00:00	804.8		-1.20%
7/10/2012 16:00:00	795.17		-0.37%
7/11/2012 16:00:00	792.26		-0.33%
7/12/2012 16:00:00	789.62		1.44%
7/13/2012 16:00:00	800.99		-0.54%
7/16/2012 16:00:00	796.66		0.35%
7/17/2012 16:00:00	799.45		0.70%
7/18/2012 16:00:00	805.06		-0.36%
7/19/2012 16:00:00	802.17		-1.33%
7/20/2012 16:00:00	791.54		-1.60%
7/23/2012 16:00:00	778.9		-1.43%
7/24/2012 16:00:00	767.75		0.20%
7/25/2012 16:00:00	769.31		1.01%
7/26/2012 16:00:00	777.11		2.43%
7/27/2012 16:00:00	796		-0.56%
7/30/2012 16:00:00	791.58		-0.59%
7/31/2012 16:00:00	786.94		-2.01%
8/1/2012 16:00:00	771.11		-0.33%
8/2/2012 16:00:00	768.6		2.59%
8/3/2012 16:00:00	788.48		0.74%
8/6/2012 16:00:00	794.35		0.88%
8/7/2012 16:00:00	801.34		-0.15%
8/8/2012 16:00:00	800.16		0.34%
8/9/2012 16:00:00	802.9		-0.17%
8/10/2012 16:00:00	801.55		-0.26%
8/13/2012 16:00:00	799.49		-0.33%
8/14/2012 16:00:00	796.88		0.93%
8/15/2012 16:00:00	804.26		1.10%
8/16/2012 16:00:00	813.08		0.84%
8/17/2012 16:00:00	819.89		-0.41%
8/20/2012 16:00:00	816.51		-0.14%
8/21/2012 16:00:00	815.36		-0.34%
8/22/2012 16:00:00	812.56		-0.81%
8/23/2012 16:00:00	806		0.40%
8/24/2012 16:00:00	809.19		0.15%
8/27/2012 16:00:00	810.4		0.48%
8/28/2012 16:00:00	814.28		0.44%
8/29/2012 16:00:00	817.84		-1.12%
8/30/2012 16:00:00	808.64		0.43%
8/31/2012 16:00:00	812.09		1.24%
9/4/2012 16:00:00	822.14		-0.11%
9/5/2012 16:00:00	821.23		2.04%
9/6/2012 16:00:00	837.95		0.52%
9/7/2012 16:00:00	842.27		-0.34%
9/10/2012 16:00:00	839.37		0.30%
9/11/2012 16:00:00	841.91		0.38%
9/12/2012 16:00:00	845.12		1.30%
9/13/2012 16:00:00	856.12		1.00%
9/14/2012 16:00:00	864.7		-0.67%
9/17/2012 16:00:00	858.9		-0.23%
9/18/2012 16:00:00	856.93		-0.10%
9/19/2012 16:00:00	856.08		-0.53%
9/20/2012 16:00:00	851.51		0.47%
9/21/2012 16:00:00	855.51		-0.44%
9/24/2012 16:00:00	851.76		-1.48%
9/25/2012 16:00:00	839.12		-0.62%
9/26/2012 16:00:00	833.93		1.15%
9/27/2012 16:00:00	843.54		-0.72%
9/28/2012 16:00:00	837.45		0.34%
10/1/2012 16:00:00	840.31		0.02%
10/2/2012 16:00:00	840.51		-0.21%
10/3/2012 16:00:00	838.78		0.70%
10/4/2012 16:00:00	844.65		-0.21%
10/5/2012 16:00:00	842.86		-0.53%
10/8/2012 16:00:00	838.41		-1.25%
10/9/2012 16:00:00	827.92		-0.14%
10/10/2012 16:00:00	826.75		0.37%
10/11/2012 16:00:00	829.78		-0.81%
10/12/2012 16:00:00	823.09		0.63%
10/15/2012 16:00:00	828.28		0.86%
10/16/2012 16:00:00	835.44		0.85%
10/17/2012 16:00:00	842.52		-0.64%
10/18/2012 16:00:00	837.12		-1.93%
10/19/2012 16:00:00	821		-0.06%
10/22/2012 16:00:00	820.52		-0.53%
10/23/2012 16:00:00	816.2		-0.31%
10/24/2012 16:00:00	813.65		0.39%
10/25/2012 16:00:00	816.82		-0.44%
10/26/2012 16:00:00	813.25		0.67%
10/31/2012 16:00:00	818.73		1.11%
11/1/2012 16:00:00	827.85		-1.63%
11/2/2012 16:00:00	814.37		0.63%
11/5/2012 16:00:00	819.54		0.77%
11/6/2012 16:00:00	825.81		-2.58%
11/7/2012 16:00:00	804.52		-1.35%
11/8/2012 16:00:00	793.65		0.17%
11/9/2012 16:00:00	795.02		-0.16%
11/12/2012 16:00:00	793.76		-0.60%
11/13/2012 16:00:00	789.01		-2.00%
11/14/2012 16:00:00	773.2		-0.48%
11/15/2012 16:00:00	769.48		0.88%
11/16/2012 16:00:00	776.28		2.16%
11/19/2012 16:00:00	793.06		0.09%
11/20/2012 16:00:00	793.81		0.58%
11/21/2012 16:00:00	798.38		1.10%
11/23/2012 13:00:00	807.18		0.23%
11/26/2012 16:00:00	809.02		-0.16%
11/27/2012 16:00:00	807.74		0.71%
11/28/2012 16:00:00	813.5		1.19%
11/29/2012 16:00:00	823.2		-0.16%
11/30/2012 16:00:00	821.92		-0.14%
12/3/2012 16:00:00	820.8		0.16%
12/4/2012 16:00:00	822.12		-0.18%
12/5/2012 16:00:00	820.6		0.15%
12/6/2012 16:00:00	821.79		0.06%
12/7/2012 16:00:00	822.27		0.49%
12/10/2012 16:00:00	826.26		1.06%
12/11/2012 16:00:00	834.99		-0.67%
12/12/2012 16:00:00	829.39		-0.63%
12/13/2012 16:00:00	824.2		-0.05%
12/14/2012 16:00:00	823.75		1.37%
12/17/2012 16:00:00	835		1.52%
12/18/2012 16:00:00	847.69		0.02%
12/19/2012 16:00:00	847.89		0.54%
12/20/2012 16:00:00	852.49		-0.54%
12/21/2012 16:00:00	847.92		-0.38%
12/24/2012 13:00:00	844.74		-0.69%
12/26/2012 16:00:00	838.89		-0.18%
12/27/2012 16:00:00	837.4		-0.63%
12/28/2012 16:00:00	832.1		2.07%
12/31/2012 16:00:00	849.35		2.83%
1/2/2013 16:00:00	873.42		-0.09%
1/3/2013 16:00:00	872.6		0.75%
1/4/2013 16:00:00	879.15		-0.38%
1/7/2013 16:00:00	875.8		-0.13%
1/8/2013 16:00:00	874.7		0.55%
1/9/2013 16:00:00	879.51		0.20%
1/10/2013 16:00:00	881.24		-0.05%
1/11/2013 16:00:00	880.77		-0.08%
1/14/2013 16:00:00	880.1		0.51%
1/15/2013 16:00:00	884.6		-0.26%
1/16/2013 16:00:00	882.314		0.91%
1/17/2013 16:00:00	890.3588		0.27%
1/18/2013 16:00:00	892.8004		0.72%
1/22/2013 16:00:00	899.2381		-0.28%
1/23/2013 16:00:00	896.7041		0.39%
1/24/2013 16:00:00	900.1905		0.56%
1/25/2013 16:00:00	905.2355		0.16%
1/28/2013 16:00:00	906.71		0.07%
1/29/2013 16:00:00	907.3133		-1.15%
1/30/2013 16:00:00	896.9113		0.58%
1/31/2013 16:00:00	902.0865		1.01%
2/1/2013 16:00:00	911.199		-1.31%
2/4/2013 16:00:00	899.2782		0.99%
2/5/2013 16:00:00	908.2151		0.34%
2/6/2013 16:00:00	911.2863		-0.35%
2/7/2013 16:00:00	908.0997		0.61%
2/8/2013 16:00:00	913.6703		-0.07%
2/11/2013 16:00:00	913.0337		0.49%
2/12/2013 16:00:00	917.5153		0.33%
2/13/2013 16:00:00	920.58		0.35%
2/14/2013 16:00:00	923.7611		-0.07%
2/15/2013 16:00:00	923.151		0.96%
2/19/2013 16:00:00	932.0016		-1.99%
2/20/2013 16:00:00	913.4976		-0.89%
2/21/2013 16:00:00	905.4006		1.19%
2/22/2013 16:00:00	916.1566		-2.22%
2/25/2013 16:00:00	895.8447		0.47%
2/26/2013 16:00:00	900.0539		1.10%
2/27/2013 16:00:00	909.9194		0.13%
2/28/2013 16:00:00	911.1063		0.40%
3/1/2013 16:00:00	914.7287		0.21%
3/4/2013 16:00:00	916.6795		1.17%
3/5/2013 16:00:00	927.3982		0.28%
3/6/2013 16:00:00	929.9605		0.50%
3/7/2013 16:00:00	934.5714		0.85%
3/8/2013 16:00:00	942.502		0.00%
3/11/2013 16:00:00	942.5093		-0.24%
3/12/2013 16:00:00	940.2626		0.39%
3/13/2013 16:00:00	943.902		0.97%
3/14/2013 16:00:00	953.0675		-0.06%
3/15/2013 16:00:00	952.4825		-0.55%
3/18/2013 16:00:00	947.2026		-0.46%
3/19/2013 16:00:00	942.8455		0.97%
3/20/2013 16:00:00	951.9481		-0.84%
3/21/2013 16:00:00	943.9212		0.25%
3/22/2013 16:00:00	946.2732		-0.04%
3/25/2013 16:00:00	945.85		0.42%
3/26/2013 16:00:00	949.8188		0.04%
3/27/2013 16:00:00	950.2353		0.14%
3/28/2013 16:00:00	951.5424		-1.34%
4/1/2013 16:00:00	938.7857		-0.48%
4/2/2013 16:00:00	934.2983		-1.67%
4/3/2013 16:00:00	918.7119		0.76%
4/4/2013 16:00:00	925.6621		-0.26%
4/5/2013 16:00:00	923.2771		0.89%
4/8/2013 16:00:00	931.4866		-0.23%
4/9/2013 16:00:00	929.3389		1.80%
4/10/2013 16:00:00	946.0941		0.10%
4/11/2013 16:00:00	947.0518		-0.44%
4/12/2013 16:00:00	942.8522		-3.78%
4/15/2013 16:00:00	907.1794		1.78%
4/16/2013 16:00:00	923.2981		-1.79%
4/17/2013 16:00:00	906.8002		-0.58%
4/18/2013 16:00:00	901.5129		1.22%
4/19/2013 16:00:00	912.4973		0.25%
4/22/2013 16:00:00	914.8021		1.59%
4/23/2013 16:00:00	929.3614		0.51%
4/24/2013 16:00:00	934.1141		0.66%
4/25/2013 16:00:00	940.2827		-0.53%
4/26/2013 16:00:00	935.2527		0.77%
4/29/2013 16:00:00	942.4303		0.53%
4/30/2013 16:00:00	947.4606		-2.45%
5/1/2013 16:00:00	924.2389		1.69%
5/2/2013 16:00:00	939.8515		1.55%
5/3/2013 16:00:00	954.4202		0.56%
5/6/2013 16:00:00	959.8035		0.84%
5/7/2013 16:00:00	967.8188		0.27%
5/8/2013 16:00:00	970.4056		-0.43%
5/9/2013 16:00:00	966.2578		0.92%
5/10/2013 16:00:00	975.16		-0.14%
5/13/2013 16:00:00	973.7877		1.25%
5/14/2013 16:00:00	985.9553		0.26%
5/15/2013 16:00:00	988.5383		-0.32%
5/16/2013 16:00:00	985.3399		1.11%
5/17/2013 16:00:00	996.277		0.17%
5/20/2013 16:00:00	997.9781		0.08%
5/21/2013 16:00:00	998.7766		-1.65%
5/22/2013 16:00:00	982.255		0.21%
5/23/2013 16:00:00	984.2808		0.00%
5/24/2013 16:00:00	984.275		1.33%
5/28/2013 16:00:00	997.347		-1.04%
5/29/2013 16:00:00	986.9647		0.76%
5/30/2013 16:00:00	994.4339		-1.03%
5/31/2013 16:00:00	984.1418		0.65%
6/3/2013 16:00:00	990.5286		-0.86%
6/4/2013 16:00:00	981.9698		-1.41%
6/5/2013 16:00:00	968.1578		1.17%
6/6/2013 16:00:00	979.457		0.83%
6/7/2013 16:00:00	987.6246		0.51%
6/10/2013 16:00:00	992.673		-1.13%
6/11/2013 16:00:00	981.45		-0.93%
6/12/2013 16:00:00	972.3072		1.79%
6/13/2013 16:00:00	989.6923		-0.84%
6/14/2013 16:00:00	981.38		0.66%
6/17/2013 16:00:00	987.8407		1.23%
6/18/2013 16:00:00	999.9851		-1.35%
6/19/2013 16:00:00	986.5031		-2.63%
6/20/2013 16:00:00	960.518		0.33%
6/21/2013 16:00:00	963.6839		-1.31%
6/24/2013 16:00:00	951.0503		1.07%
6/25/2013 16:00:00	961.2584		0.27%
6/26/2013 16:00:00	963.8302		1.67%
6/27/2013 16:00:00	979.9244		-0.25%
6/28/2013 16:00:00	977.4754		1.26%
7/1/2013 16:00:00	989.84		-0.03%
7/2/2013 16:00:00	989.5351		0.16%
7/3/2013 16:00:00	991.1302		1.44%
7/5/2013 16:00:00	1005.3879		0.38%
7/8/2013 16:00:00	1009.2498		0.87%
7/9/2013 16:00:00	1018.0532		0.23%
7/10/2013 16:00:00	1020.4246		1.25%
7/11/2013 16:00:00	1033.175		0.32%
7/12/2013 16:00:00	1036.5153		0.65%
7/15/2013 16:00:00	1043.3033		-0.44%
7/16/2013 16:00:00	1038.7501		0.36%
7/17/2013 16:00:00	1042.5264		0.74%
7/18/2013 16:00:00	1050.2717		0.02%
7/19/2013 16:00:00	1050.4791		0.28%
7/22/2013 16:00:00	1053.4104		-0.11%
7/23/2013 16:00:00	1052.2044		-0.80%
7/24/2013 16:00:00	1043.8316		0.99%
7/25/2013 16:00:00	1054.1846		-0.54%
7/26/2013 16:00:00	1048.5072		-0.75%
7/29/2013 16:00:00	1040.6643		0.27%
7/30/2013 16:00:00	1043.5136		0.17%
7/31/2013 16:00:00	1045.2629		1.40%
8/1/2013 16:00:00	1059.8786		0.00%
8/2/2013 16:00:00	1059.8627		0.30%
8/5/2013 16:00:00	1063.0088		-1.02%
8/6/2013 16:00:00	1052.1383		-0.74%
8/7/2013 16:00:00	1044.3376		0.49%
8/8/2013 16:00:00	1049.4737		-0.10%
8/9/2013 16:00:00	1048.4024		0.50%
8/12/2013 16:00:00	1053.668		-0.16%
8/13/2013 16:00:00	1051.9939		-0.40%
8/14/2013 16:00:00	1047.8041		-1.93%
8/15/2013 16:00:00	1027.6116		-0.32%
8/16/2013 16:00:00	1024.3001		-1.08%
8/19/2013 16:00:00	1013.2471		1.51%
8/20/2013 16:00:00	1028.5716		-0.68%
8/21/2013 16:00:00	1021.5768		1.43%
8/22/2013 16:00:00	1036.197		0.20%
8/23/2013 16:00:00	1038.2429		0.02%
8/26/2013 16:00:00	1038.4651		-2.41%
8/27/2013 16:00:00	1013.4871		0.30%
8/28/2013 16:00:00	1016.5001		1.03%
8/29/2013 16:00:00	1026.9382		-1.56%
8/30/2013 16:00:00	1010.8953		0.53%
9/3/2013 16:00:00	1016.2649		0.92%
9/4/2013 16:00:00	1025.5843		0.30%
9/5/2013 16:00:00	1028.6904		0.08%
9/6/2013 16:00:00	1029.5467		1.61%
9/9/2013 16:00:00	1046.0782		0.92%
9/10/2013 16:00:00	1055.7242		-0.04%
9/11/2013 16:00:00	1055.34		-0.65%
9/12/2013 16:00:00	1048.4841		0.52%
9/13/2013 16:00:00	1053.9792		0.22%
9/16/2013 16:00:00	1056.2478		0.96%
9/17/2013 16:00:00	1066.3908		0.99%
9/18/2013 16:00:00	1076.9669		-0.16%
9/19/2013 16:00:00	1075.2669		-0.23%
9/20/2013 16:00:00	1072.8256		-0.06%
9/23/2013 16:00:00	1072.1328		0.24%
9/24/2013 16:00:00	1074.6768		-0.11%
9/25/2013 16:00:00	1073.5062		0.46%
9/26/2013 16:00:00	1078.4085		-0.39%
9/27/2013 16:00:00	1074.1868		-0.04%
9/30/2013 16:00:00	1073.7864		1.27%
10/1/2013 16:00:00	1087.429		-0.45%
10/2/2013 16:00:00	1082.5474		-1.08%
10/3/2013 16:00:00	1070.9		0.69%
10/4/2013 16:00:00	1078.2511		-1.16%
10/7/2013 16:00:00	1065.79		-1.74%
10/8/2013 16:00:00	1047.2625		-0.36%
10/9/2013 16:00:00	1043.4595		2.50%
10/10/2013 16:00:00	1069.4999		1.39%
10/11/2013 16:00:00	1084.3147		0.55%
10/14/2013 16:00:00	1090.3042		-0.98%
10/15/2013 16:00:00	1079.6186		1.19%
10/16/2013 16:00:00	1092.4225		0.90%
10/17/2013 16:00:00	1102.2748		1.13%
10/18/2013 16:00:00	1114.7737		-0.21%
10/21/2013 16:00:00	1112.4817		0.28%
10/22/2013 16:00:00	1115.6337		-0.42%
10/23/2013 16:00:00	1110.9279		0.71%
10/24/2013 16:00:00	1118.847		-0.04%
10/25/2013 16:00:00	1118.3445		-0.03%
10/28/2013 16:00:00	1117.9747		0.28%
10/29/2013 16:00:00	1121.0741		-1.39%
10/30/2013 16:00:00	1105.5008		-0.48%
10/31/2013 16:00:00	1100.1548		-0.41%
11/1/2013 16:00:00	1095.6662		1.15%
11/4/2013 16:00:00	1108.2835		-0.42%
11/5/2013 16:00:00	1103.5886		-0.45%
11/6/2013 16:00:00	1098.6349		-1.78%
11/7/2013 16:00:00	1079.0854		1.94%
11/8/2013 16:00:00	1099.9709		0.14%
11/11/2013 16:00:00	1101.499		0.00%
11/12/2013 16:00:00	1101.4705		0.97%
11/13/2013 16:00:00	1112.1755		-0.07%
11/14/2013 16:00:00	1111.4366		0.43%
11/15/2013 16:00:00	1116.1958		-0.80%
11/18/2013 16:00:00	1107.2914		-0.53%
11/19/2013 16:00:00	1101.3813		-0.14%
11/20/2013 16:00:00	1099.7936		1.80%
11/21/2013 16:00:00	1119.6192		0.47%
11/22/2013 16:00:00	1124.9199		-0.02%
11/25/2013 16:00:00	1124.7259		0.87%
11/26/2013 16:00:00	1134.5291		0.60%
11/27/2013 16:00:00	1141.3303		0.14%
11/29/2013 16:00:00	1142.8913		-1.21%
12/2/2013 16:00:00	1129.1163		-0.47%
12/3/2013 16:00:00	1123.78		-0.21%
12/4/2013 16:00:00	1121.3797		0.10%
12/5/2013 16:00:00	1122.4681		0.79%
12/6/2013 16:00:00	1131.3825		-0.14%
12/9/2013 16:00:00	1129.841		-0.90%
12/10/2013 16:00:00	1119.69		-1.62%
12/11/2013 16:00:00	1101.4984		0.16%
12/12/2013 16:00:00	1103.2739		0.34%
12/13/2013 16:00:00	1107.0517		1.16%
12/16/2013 16:00:00	1119.8532		-0.09%
12/17/2013 16:00:00	1118.892		1.33%
12/18/2013 16:00:00	1133.7186		-0.73%
12/19/2013 16:00:00	1125.4536		1.87%
12/20/2013 16:00:00	1146.4694		0.94%
12/23/2013 16:00:00	1157.2165		0.40%
12/24/2013 16:00:00	1161.8007		0.07%
12/26/2013 16:00:00	1162.6482		-0.13%
12/27/2013 16:00:00	1161.0938		-0.04%
12/30/2013 16:00:00	1160.5868		0.26%
12/31/2013 16:00:00	1163.6373		-1.11%
1/2/2014 16:00:00	1150.7243		0.47%
1/3/2014 16:00:00	1156.0862		-0.77%
1/6/2014 16:00:00	1147.1559		0.91%
1/7/2014 16:00:00	1157.6285		-0.01%
1/8/2014 16:00:00	1157.4581		0.08%
1/9/2014 16:00:00	1158.3493		0.53%
1/10/2014 16:00:00	1164.529		-1.41%
1/13/2014 16:00:00	1148.06		1.34%
1/14/2014 16:00:00	1163.42		0.68%
1/15/2014 16:00:00	1171.35		0.15%
1/16/2014 16:00:00	1173.1335		-0.40%
1/17/2014 16:00:00	1168.4302		0.00%
1/20/2014 16:00:00	1168.4302		0.62%
1/21/2014 16:00:00	1175.7231		0.47%
1/22/2014 16:00:00	1181.2924		-0.75%
1/23/2014 16:00:00	1172.3957		-2.41%
1/24/2014 16:00:00	1144.1335		-1.43%
1/27/2014 16:00:00	1127.7277		0.93%
1/28/2014 16:00:00	1138.2352		-1.39%
1/29/2014 16:00:00	1122.4507		1.51%
1/30/2014 16:00:00	1139.3579		-0.74%
1/31/2014 16:00:00	1130.8819		-3.21%
2/3/2014 16:00:00	1094.5832		0.75%
2/4/2014 16:00:00	1102.8426		-0.84%
2/5/2014 16:00:00	1093.5936		0.94%
2/6/2014 16:00:00	1103.9262		1.14%
2/7/2014 16:00:00	1116.5533		0.20%
2/10/2014 16:00:00	1118.734		0.93%
2/11/2014 16:00:00	1129.1642		0.30%
2/12/2014 16:00:00	1132.5361		1.35%
2/13/2014 16:00:00	1147.7854		0.12%
2/14/2014 16:00:00	1149.2113		1.07%
2/18/2014 16:00:00	1161.4821		-1.07%
2/19/2014 16:00:00	1149.0659		1.14%
2/20/2014 16:00:00	1162.1154		0.22%
2/21/2014 16:00:00	1164.6322		0.85%
2/24/2014 16:00:00	1174.5535		-0.05%
2/25/2014 16:00:00	1173.9464		0.66%
2/26/2014 16:00:00	1181.7195		0.53%
2/27/2014 16:00:00	1187.9429		-0.41%
2/28/2014 16:00:00	1183.0284		-0.56%
3/3/2014 16:00:00	1176.359		2.75%
3/4/2014 16:00:00	1208.6507		-0.23%
3/5/2014 16:00:00	1205.9091		-0.11%
3/6/2014 16:00:00	1204.5447		-0.10%
3/7/2014 16:00:00	1203.3155		-0.23%
3/10/2014 16:00:00	1200.5354		-1.12%
3/11/2014 16:00:00	1187.047		0.36%
3/12/2014 16:00:00	1191.3664		-1.23%
3/13/2014 16:00:00	1176.7401		0.40%
3/14/2014 16:00:00	1181.413		0.58%
3/17/2014 16:00:00	1188.228		1.41%
3/18/2014 16:00:00	1205.0393		-0.78%
3/19/2014 16:00:00	1195.6606		0.28%
3/20/2014 16:00:00	1198.9704		-0.44%
3/21/2014 16:00:00	1193.734		-1.30%
3/24/2014 16:00:00	1178.2348		-0.02%
3/25/2014 16:00:00	1178.0499		-1.92%
3/26/2014 16:00:00	1155.4862		-0.35%
3/27/2014 16:00:00	1151.4407		0.03%
3/28/2014 16:00:00	1151.8127		1.84%
3/31/2014 16:00:00	1173.0378		1.34%
4/1/2014 16:00:00	1188.7019		0.35%
4/2/2014 16:00:00	1192.8076		-0.98%
4/3/2014 16:00:00	1181.1198		-2.35%
4/4/2014 16:00:00	1153.3805		-1.53%
4/7/2014 16:00:00	1135.7763		0.74%
4/8/2014 16:00:00	1144.2356		1.37%
4/9/2014 16:00:00	1159.9613		-2.78%
4/10/2014 16:00:00	1127.6586		-1.44%
4/11/2014 16:00:00	1111.4385		0.35%
4/14/2014 16:00:00	1115.3549		0.37%
4/15/2014 16:00:00	1119.4949		1.10%
4/16/2014 16:00:00	1131.7683		0.54%
4/17/2014 16:00:00	1137.8989		0.39%
4/21/2014 16:00:00	1142.3088		1.16%
4/22/2014 16:00:00	1155.6068		-0.74%
4/23/2014 16:00:00	1147.0799		-0.24%
4/24/2014 16:00:00	1144.3521		-1.86%
4/25/2014 16:00:00	1123.0302		-0.53%
4/28/2014 16:00:00	1117.0621		0.34%
4/29/2014 16:00:00	1120.8315		0.54%
4/30/2014 16:00:00	1126.8572		-0.08%
5/1/2014 16:00:00	1125.9699		0.25%
5/2/2014 16:00:00	1128.8025		-0.22%
5/5/2014 16:00:00	1126.3047		-1.62%
5/6/2014 16:00:00	1108.0136		0.05%
5/7/2014 16:00:00	1108.5495		-1.00%
5/8/2014 16:00:00	1097.4251		0.89%
5/9/2014 16:00:00	1107.2176		2.39%
5/12/2014 16:00:00	1133.6492		-1.10%
5/13/2014 16:00:00	1121.1639		-1.61%
5/14/2014 16:00:00	1103.1392		-0.65%
5/15/2014 16:00:00	1095.9862		0.63%
5/16/2014 16:00:00	1102.9052		1.04%
5/19/2014 16:00:00	1114.43		-1.48%
5/20/2014 16:00:00	1097.8951		0.52%
5/21/2014 16:00:00	1103.6286		0.93%
5/22/2014 16:00:00	1113.8701		1.11%
5/23/2014 16:00:00	1126.1887		1.42%
5/27/2014 16:00:00	1142.2014		-0.48%
5/28/2014 16:00:00	1136.6795		0.30%
5/29/2014 16:00:00	1140.0707		-0.49%
5/30/2014 16:00:00	1134.5002		-0.49%
6/2/2014 16:00:00	1128.9		-0.24%
6/3/2014 16:00:00	1126.15		0.45%
6/4/2014 16:00:00	1131.22		2.01%
6/5/2014 16:00:00	1153.94		0.98%
6/6/2014 16:00:00	1165.21		0.92%
6/9/2014 16:00:00	1175.88		-0.27%
6/10/2014 16:00:00	1172.71		-0.51%
6/11/2014 16:00:00	1166.71		-0.63%
6/12/2014 16:00:00	1159.4		0.28%
6/13/2014 16:00:00	1162.68		0.36%
6/16/2014 16:00:00	1166.82		0.84%
6/17/2014 16:00:00	1176.6199		0.55%
6/18/2014 16:00:00	1183.13		0.08%
6/19/2014 16:00:00	1184.03		0.37%
6/20/2014 16:00:00	1188.43		-0.29%
6/23/2014 16:00:00	1184.95		-0.99%
6/24/2014 16:00:00	1173.24		0.80%
6/25/2014 16:00:00	1182.68		-0.17%
6/26/2014 16:00:00	1180.71		0.74%
6/27/2014 16:00:00	1189.5		0.29%
6/30/2014 16:00:00	1192.96		1.09%
7/1/2014 16:00:00	1205.95		-0.53%
7/2/2014 16:00:00	1199.5		0.72%
7/3/2014 16:00:00	1208.15		-1.77%
7/7/2014 16:00:00	1186.74		-1.23%
7/8/2014 16:00:00	1172.15		0.14%
7/9/2014 16:00:00	1173.81		-1.02%
7/10/2014 16:00:00	1161.8599		-0.17%
7/11/2014 16:00:00	1159.93		0.49%
7/14/2014 16:00:00	1165.6199		-1.01%
7/15/2014 16:00:00	1153.81		-0.20%
7/16/2014 16:00:00	1151.55		-1.56%
7/17/2014 16:00:00	1133.6		1.59%
7/18/2014 16:00:00	1151.6099		-0.43%
7/21/2014 16:00:00	1146.66		0.83%
7/22/2014 16:00:00	1156.15		0.17%
7/23/2014 16:00:00	1158.1099		-0.16%
7/24/2014 16:00:00	1156.26		-1.00%
7/25/2014 16:00:00	1144.72		-0.46%
7/28/2014 16:00:00	1139.5		0.19%
7/29/2014 16:00:00	1141.64		0.43%
7/30/2014 16:00:00	1146.57		-2.31%
7/31/2014 16:00:00	1120.07		-0.47%
8/1/2014 16:00:00	1114.8599		0.89%
8/4/2014 16:00:00	1124.82		-0.29%
8/5/2014 16:00:00	1121.56		0.36%
8/6/2014 16:00:00	1125.55		-0.51%
8/7/2014 16:00:00	1119.76		1.04%
8/8/2014 16:00:00	1131.35		0.94%
8/11/2014 16:00:00	1141.93		-0.78%
8/12/2014 16:00:00	1133.03		0.77%
8/13/2014 16:00:00	1141.78		0.14%
8/14/2014 16:00:00	1143.34		-0.15%
8/15/2014 16:00:00	1141.65		1.47%
8/18/2014 16:00:00	1158.4		0.35%
8/19/2014 16:00:00	1162.47		-0.43%
8/20/2014 16:00:00	1157.51		0.22%
8/21/2014 16:00:00	1160.03		0.03%
8/22/2014 16:00:00	1160.34		0.42%
8/25/2014 16:00:00	1165.22		0.85%
8/26/2014 16:00:00	1175.17		-0.21%
8/27/2014 16:00:00	1172.71		-0.58%
8/28/2014 16:00:00	1165.95		0.72%
8/29/2014 16:00:00	1174.35		0.44%
9/2/2014 16:00:00	1179.47		-0.62%
9/3/2014 16:00:00	1172.2		-0.43%
9/4/2014 16:00:00	1167.21		0.25%
9/5/2014 16:00:00	1170.13		0.19%
9/8/2014 16:00:00	1172.31		-1.18%
9/9/2014 16:00:00	1158.5		0.56%
9/10/2014 16:00:00	1164.9867		0.63%
9/11/2014 16:00:00	1172.3425		-1.00%
9/12/2014 16:00:00	1160.6067		-1.21%
9/15/2014 16:00:00	1146.5197		0.39%
9/16/2014 16:00:00	1150.9713		0.25%
9/17/2014 16:00:00	1153.8898		0.47%
9/18/2014 16:00:00	1159.2741		-1.07%
9/19/2014 16:00:00	1146.9199		-1.53%
9/22/2014 16:00:00	1129.3617		-0.94%
9/23/2014 16:00:00	1118.7152		0.86%
9/24/2014 16:00:00	1128.3104		-1.60%
9/25/2014 16:00:00	1110.242		0.82%
9/26/2014 16:00:00	1119.3309		-0.13%
9/29/2014 16:00:00	1117.9068		-1.45%
9/30/2014 16:00:00	1101.6756		-1.48%
10/1/2014 16:00:00	1085.4094		1.01%
10/2/2014 16:00:00	1096.3785		0.76%
10/3/2014 16:00:00	1104.7431		-0.91%
10/6/2014 16:00:00	1094.6459		-1.68%
10/7/2014 16:00:00	1076.3103		1.93%
10/8/2014 16:00:00	1097.1234		-2.66%
10/9/2014 16:00:00	1067.9931		-1.37%
10/10/2014 16:00:00	1053.3245		-0.38%
10/13/2014 16:00:00	1049.303		1.17%
10/14/2014 16:00:00	1061.6003		1.02%
10/15/2014 16:00:00	1072.4456		1.27%
10/16/2014 16:00:00	1086.1119		-0.35%
10/17/2014 16:00:00	1082.3254		1.17%
10/20/2014 16:00:00	1094.9658		1.63%
10/21/2014 16:00:00	1112.8474		-1.44%
10/22/2014 16:00:00	1096.8723		1.79%
10/23/2014 16:00:00	1116.4863		0.21%
10/24/2014 16:00:00	1118.8244		-0.12%
10/27/2014 16:00:00	1117.4766		2.86%
10/28/2014 16:00:00	1149.4522		-0.27%
10/29/2014 16:00:00	1146.3688		0.82%
10/30/2014 16:00:00	1155.7702		1.53%
10/31/2014 16:00:00	1173.5094		-0.28%
11/3/2014 16:00:00	1170.202		-0.41%
11/4/2014 16:00:00	1165.4168		0.14%
11/5/2014 16:00:00	1167.0698		0.41%
11/6/2014 16:00:00	1171.8572		0.12%
11/7/2014 16:00:00	1173.3186		0.53%
11/10/2014 16:00:00	1179.5655		0.03%
11/11/2014 16:00:00	1179.9576		0.55%
11/12/2014 16:00:00	1186.4667		-0.93%
11/13/2014 16:00:00	1175.4152		-0.14%
11/14/2014 16:00:00	1173.8051		-0.82%
11/17/2014 16:00:00	1164.2345		0.52%
11/18/2014 16:00:00	1170.2828		-1.08%
11/19/2014 16:00:00	1157.6868		1.13%
11/20/2014 16:00:00	1170.7518		0.14%
11/21/2014 16:00:00	1172.4156		1.24%
11/24/2014 16:00:00	1186.9398		-0.05%
11/25/2014 16:00:00	1186.3314		0.36%
11/26/2014 16:00:00	1190.6239		-1.46%
11/28/2014 16:00:00	1173.229		-1.63%
12/1/2014 16:00:00	1154.0515		1.25%
12/2/2014 16:00:00	1168.4549		0.90%
12/3/2014 16:00:00	1179.0079		-0.51%
12/4/2014 16:00:00	1173.0065		0.80%
12/5/2014 16:00:00	1182.4306		-1.29%
12/8/2014 16:00:00	1167.2104		1.79%
12/9/2014 16:00:00	1188.0573		-2.20%
12/10/2014 16:00:00	1161.8647		0.44%
12/11/2014 16:00:00	1166.9568		-1.24%
12/12/2014 16:00:00	1152.4458		-1.05%
12/15/2014 16:00:00	1140.2947		-0.08%
12/16/2014 16:00:00	1139.3757		3.11%
12/17/2014 16:00:00	1174.8307		1.47%
12/18/2014 16:00:00	1192.1578		0.32%
12/19/2014 16:00:00	1195.941		0.49%
12/22/2014 16:00:00	1201.8608		0.05%
12/23/2014 16:00:00	1202.4382		0.36%
12/24/2014 16:00:00	1206.7869		0.70%
12/26/2014 16:00:00	1215.2108		0.32%
12/29/2014 16:00:00	1219.1092		-0.50%
12/30/2014 16:00:00	1213.0547		-0.69%
12/31/2014 16:00:00	1204.6965		-0.49%
1/2/2015 16:00:00	1198.7999		-1.46%
1/5/2015 16:00:00	1181.3462		-1.70%
1/6/2015 16:00:00	1161.3113		1.26%
1/7/2015 16:00:00	1175.968		1.71%
1/8/2015 16:00:00	1196.1212		-0.87%
1/9/2015 16:00:00	1185.676		-0.47%
1/12/2015 16:00:00	1180.0932		0.05%
1/13/2015 16:00:00	1180.6365		-0.30%
1/14/2015 16:00:00	1177.06		-1.90%
1/15/2015 16:00:00	1154.7086		1.90%
1/16/2015 16:00:00	1176.6547		-0.54%
1/20/2015 16:00:00	1170.2536		-0.34%
1/21/2015 16:00:00	1166.2512		2.07%
1/22/2015 16:00:00	1190.3711		-0.12%
1/23/2015 16:00:00	1188.9284		0.99%
1/26/2015 16:00:00	1200.7396		-0.51%
1/27/2015 16:00:00	1194.6579		-1.64%
1/28/2015 16:00:00	1175.1153		1.28%
1/29/2015 16:00:00	1190.1815		-2.08%
1/30/2015 16:00:00	1165.3925		0.87%
2/2/2015 16:00:00	1175.5148		1.83%
2/3/2015 16:00:00	1196.9875		-0.46%
2/4/2015 16:00:00	1191.4416		1.45%
2/5/2015 16:00:00	1208.7068		-0.27%
2/6/2015 16:00:00	1205.4635		-0.80%
2/9/2015 16:00:00	1195.8262		0.61%
2/10/2015 16:00:00	1203.1795		-0.14%
2/11/2015 16:00:00	1201.5547		1.22%
2/12/2015 16:00:00	1216.2661		0.56%
2/13/2015 16:00:00	1223.1312		0.15%
2/17/2015 16:00:00	1225.0141		0.24%
2/18/2015 16:00:00	1227.9549		0.00%
2/19/2015 16:00:00	1227.9111		0.32%
2/20/2015 16:00:00	1231.789		0.00%
2/23/2015 16:00:00	1231.8306		0.17%
2/24/2015 16:00:00	1233.9756		0.09%
2/25/2015 16:00:00	1235.1009		0.32%
2/26/2015 16:00:00	1239.1135		-0.46%
2/27/2015 16:00:00	1233.3681		0.75%
3/2/2015 16:00:00	1242.6188		-0.63%
3/3/2015 16:00:00	1234.7628		-0.33%
3/4/2015 16:00:00	1230.7299		0.29%
3/5/2015 16:00:00	1234.3134		-1.36%
3/6/2015 16:00:00	1217.5154		0.50%
3/9/2015 16:00:00	1223.5872		-1.24%
3/10/2015 16:00:00	1208.4739		0.60%
3/11/2015 16:00:00	1215.7775		1.72%
3/12/2015 16:00:00	1236.6407		-0.36%
3/13/2015 16:00:00	1232.1377		0.62%
3/16/2015 16:00:00	1239.7773		0.20%
3/17/2015 16:00:00	1242.2258		0.80%
3/18/2015 16:00:00	1252.1407		0.22%
3/19/2015 16:00:00	1254.8616		0.92%
3/20/2015 16:00:00	1266.3726		-0.13%
3/23/2015 16:00:00	1264.7131		-0.10%
3/24/2015 16:00:00	1263.4631		-2.34%
3/25/2015 16:00:00	1233.8549		-0.15%
3/26/2015 16:00:00	1231.9896		0.68%
3/27/2015 16:00:00	1240.4094		1.40%
3/30/2015 16:00:00	1257.8023		-0.40%
3/31/2015 16:00:00	1252.7722		-0.08%
4/1/2015 16:00:00	1251.708		0.32%
4/2/2015 16:00:00	1255.6572		0.39%
4/6/2015 16:00:00	1260.5422		-0.57%
4/7/2015 16:00:00	1253.3581		0.75%
4/8/2015 16:00:00	1262.7075		-0.29%
4/9/2015 16:00:00	1259.1077		0.45%
4/10/2015 16:00:00	1264.7748		0.06%
4/13/2015 16:00:00	1265.5885		-0.02%
4/14/2015 16:00:00	1265.3538		0.79%
4/15/2015 16:00:00	1275.3505		-0.19%
4/16/2015 16:00:00	1272.8985		-1.65%
4/17/2015 16:00:00	1251.8575		1.04%
4/20/2015 16:00:00	1264.9184		-0.06%
4/21/2015 16:00:00	1264.1513		0.11%
4/22/2015 16:00:00	1265.4818		0.48%
4/23/2015 16:00:00	1271.5352		-0.31%
4/24/2015 16:00:00	1267.5351		-1.17%
4/27/2015 16:00:00	1252.7002		0.53%
4/28/2015 16:00:00	1259.357		-0.98%
4/29/2015 16:00:00	1246.9549		-2.15%
4/30/2015 16:00:00	1220.125		0.65%
5/1/2015 16:00:00	1228.1054		0.42%
5/4/2015 16:00:00	1233.2165		-1.44%
5/5/2015 16:00:00	1215.4169		0.32%
5/6/2015 16:00:00	1219.3578		0.51%
5/7/2015 16:00:00	1225.5423		0.77%
5/8/2015 16:00:00	1234.9281		0.07%
5/11/2015 16:00:00	1235.8323		-0.22%
5/12/2015 16:00:00	1233.1293		-0.07%
5/13/2015 16:00:00	1232.2752		1.04%
5/14/2015 16:00:00	1245.1063		-0.09%
5/15/2015 16:00:00	1243.9482		1.09%
5/18/2015 16:00:00	1257.5236		-0.15%
5/19/2015 16:00:00	1255.6578		0.17%
5/20/2015 16:00:00	1257.7373		-0.08%
5/21/2015 16:00:00	1256.7373		-0.36%
5/22/2015 16:00:00	1252.2242		-1.08%
5/26/2015 16:00:00	1238.756		1.26%
5/27/2015 16:00:00	1254.3568		-0.10%
5/28/2015 16:00:00	1253.0983		-0.52%
5/29/2015 16:00:00	1246.532		0.25%
6/1/2015 16:00:00	1249.6169		0.17%
6/2/2015 16:00:00	1251.7968		1.02%
6/3/2015 16:00:00	1264.5817		-1.05%
6/4/2015 16:00:00	1251.2856		0.78%
6/5/2015 16:00:00	1261.0069		-0.58%
6/8/2015 16:00:00	1253.6999		-0.32%
6/9/2015 16:00:00	1249.6576		1.38%
6/10/2015 16:00:00	1266.927		0.16%
6/11/2015 16:00:00	1268.9205		-0.31%
6/12/2015 16:00:00	1265.0224		-0.31%
6/15/2015 16:00:00	1261.038		0.67%
6/16/2015 16:00:00	1269.5299		-0.09%
6/17/2015 16:00:00	1268.3321		1.29%
6/18/2015 16:00:00	1284.6763		0.00%
6/19/2015 16:00:00	1284.6608		0.60%
6/22/2015 16:00:00	1292.3916		0.26%
6/23/2015 16:00:00	1295.7987		-0.92%
6/24/2015 16:00:00	1283.9165		-0.05%
6/25/2015 16:00:00	1283.2808		-0.27%
6/26/2015 16:00:00	1279.7938		-2.58%
6/29/2015 16:00:00	1246.7536		0.58%
6/30/2015 16:00:00	1253.9472		0.20%
7/1/2015 16:00:00	1256.3967		-0.65%
7/2/2015 16:00:00	1248.2585		-0.10%
7/6/2015 16:00:00	1246.9587		0.09%
7/7/2015 16:00:00	1248.0515		-1.53%
7/8/2015 16:00:00	1228.9647		0.42%
7/9/2015 16:00:00	1234.154		1.45%
7/10/2015 16:00:00	1252.021		1.06%
7/13/2015 16:00:00	1265.3466		0.63%
7/14/2015 16:00:00	1273.328		-0.69%
7/15/2015 16:00:00	1264.5205		0.66%
7/16/2015 16:00:00	1272.8317		-0.45%
7/17/2015 16:00:00	1267.0918		-0.54%
7/20/2015 16:00:00	1260.2247		-0.45%
7/21/2015 16:00:00	1254.5742		0.30%
7/22/2015 16:00:00	1258.3497		-1.06%
7/23/2015 16:00:00	1244.9713		-1.52%
7/24/2015 16:00:00	1225.9918		-0.93%
7/27/2015 16:00:00	1214.614		0.82%
7/28/2015 16:00:00	1224.5993		0.41%
7/29/2015 16:00:00	1229.5996		0.20%
7/30/2015 16:00:00	1232.0708		0.54%
7/31/2015 16:00:00	1238.6802		-0.56%
8/3/2015 16:00:00	1231.7904		-0.24%
8/4/2015 16:00:00	1228.8472		0.24%
8/5/2015 16:00:00	1231.7525		-1.29%
8/6/2015 16:00:00	1215.8462		-0.74%
8/7/2015 16:00:00	1206.8995		1.31%
8/10/2015 16:00:00	1222.6722		-0.94%
8/11/2015 16:00:00	1211.137		-0.18%
8/12/2015 16:00:00	1208.9795		-0.35%
8/13/2015 16:00:00	1204.7393		0.66%
8/14/2015 16:00:00	1212.6881		1.02%
8/17/2015 16:00:00	1225.0908		-0.83%
8/18/2015 16:00:00	1214.885		-0.98%
8/19/2015 16:00:00	1202.9795		-2.53%
8/20/2015 16:00:00	1172.5326		-1.34%
8/21/2015 16:00:00	1156.7877		-3.90%
8/24/2015 16:00:00	1111.6918		-0.68%
8/25/2015 16:00:00	1104.097		2.54%
8/26/2015 16:00:00	1132.1881		1.89%
8/27/2015 16:00:00	1153.608		0.81%
8/28/2015 16:00:00	1162.9133		-0.30%
8/31/2015 16:00:00	1159.4532		-2.71%
9/1/2015 16:00:00	1128.0515		1.59%
9/2/2015 16:00:00	1146.0284		-0.08%
9/3/2015 16:00:00	1145.1534		-0.78%
9/4/2015 16:00:00	1136.1677		2.25%
9/8/2015 16:00:00	1161.762997		-1.17%
9/9/2015 16:00:00	1148.225257		0.42%
9/10/2015 16:00:00	1153.029846		0.41%
9/11/2015 16:00:00	1157.791474		-0.37%
9/14/2015 16:00:00	1153.498788		1.08%
9/15/2015 16:00:00	1165.995217		0.79%
9/16/2015 16:00:00	1175.201038		0.47%
9/17/2015 16:00:00	1180.692114		-1.47%
9/18/2015 16:00:00	1163.372177		-0.20%
9/21/2015 16:00:00	1161.086693		-1.55%
9/22/2015 16:00:00	1143.033036		-0.26%
9/23/2015 16:00:00	1140.052428		-0.22%
9/24/2015 16:00:00	1137.53723		-1.30%
9/25/2015 16:00:00	1122.789198		-2.87%
9/28/2015 16:00:00	1090.570189		-0.61%
9/29/2015 16:00:00	1083.907096		1.55%
9/30/2015 16:00:00	1100.686966		-0.29%
10/1/2015 16:00:00	1097.542131		1.51%
10/2/2015 16:00:00	1114.119862		2.47%
10/5/2015 16:00:00	1141.637137		-0.70%
10/6/2015 16:00:00	1133.691136		1.67%
10/7/2015 16:00:00	1152.603726		0.92%
10/8/2015 16:00:00	1163.243917		0.18%
10/9/2015 16:00:00	1165.355733		-0.08%
10/12/2015 16:00:00	1164.404628		-1.42%
10/13/2015 16:00:00	1147.844781		-0.95%
10/14/2015 16:00:00	1136.971703		2.27%
10/15/2015 16:00:00	1162.770711		-0.04%
10/16/2015 16:00:00	1162.309106		0.17%
10/19/2015 16:00:00	1164.296048		-0.09%
10/20/2015 16:00:00	1163.270078		-1.57%
10/21/2015 16:00:00	1144.9487		0.84%
10/22/2015 16:00:00	1154.523887		1.00%
10/23/2015 16:00:00	1166.058376		-0.56%
10/26/2015 16:00:00	1159.500759		-1.23%
10/27/2015 16:00:00	1145.290937		2.92%
10/28/2015 16:00:00	1178.715694		-1.11%
10/29/2015 16:00:00	1165.625532		-0.32%
10/30/2015 16:00:00	1161.860108		2.09%
11/2/2015 16:00:00	1186.090733		0.46%
11/3/2015 16:00:00	1191.578279		-0.10%
11/4/2015 16:00:00	1190.384762		0.03%
11/5/2015 16:00:00	1190.688578		0.76%
11/6/2015 16:00:00	1199.746906		-1.28%
11/9/2015 16:00:00	1184.432423		0.28%
11/10/2015 16:00:00	1187.697055		-0.81%
11/11/2015 16:00:00	1178.071194		-1.97%
11/12/2015 16:00:00	1154.806806		-0.72%
11/13/2015 16:00:00	1146.549013		0.83%
11/16/2015 16:00:00	1156.083157		-0.25%
11/17/2015 16:00:00	1153.209922		1.61%
11/18/2015 16:00:00	1171.749768		-0.43%
11/19/2015 16:00:00	1166.728261		0.72%
11/20/2015 16:00:00	1175.150295		0.44%
11/23/2015 16:00:00	1180.357788		0.72%
11/24/2015 16:00:00	1188.813864		0.77%
11/25/2015 16:00:00	1198.014982		0.36%
11/27/2015 16:00:00	1202.375042		-0.36%
11/30/2015 16:00:00	1198.106158		0.51%
12/1/2015 16:00:00	1204.159178		-1.04%
12/2/2015 16:00:00	1191.686328		-1.77%
12/3/2015 16:00:00	1170.566467		1.10%
12/4/2015 16:00:00	1183.397068		-1.61%
12/7/2015 16:00:00	1164.295933		-0.42%
12/8/2015 16:00:00	1159.397204		-1.17%
12/9/2015 16:00:00	1145.871606		0.28%
12/10/2015 16:00:00	1149.023347		-2.21%
12/11/2015 16:00:00	1123.607932		-0.69%
12/14/2015 16:00:00	1115.858156		1.41%
12/15/2015 16:00:00	1131.552024		1.54%
12/16/2015 16:00:00	1148.973599		-2.43%
12/18/2015 16:00:00	1121.020155		0.60%
12/21/2015 16:00:00	1127.74206		0.88%
12/22/2015 16:00:00	1137.686		1.33%
12/23/2015 16:00:00	1152.817287		0.17%
12/24/2015 16:00:00	1154.757494		-0.57%
12/28/2015 16:00:00	1148.212906		1.07%
12/29/2015 16:00:00	1160.521827		-0.94%
12/30/2015 16:00:00	1149.64298		-1.20%
12/31/2015 16:00:00	1135.889275		-2.40%
1/4/2016 16:00:00	1108.624397		0.16%
1/5/2016 16:00:00	1110.439113		-1.45%
1/6/2016 16:00:00	1094.36615		-2.72%
1/7/2016 16:00:00	1064.565608		-1.72%
1/8/2016 16:00:00	1046.202015		-0.41%
1/11/2016 16:00:00	1041.895595		0.27%
1/12/2016 16:00:00	1044.697184		-3.30%
1/13/2016 16:00:00	1010.187326		1.53%
1/14/2016 16:00:00	1025.666555		-1.75%
1/15/2016 16:00:00	1007.740622		-1.28%
1/19/2016 16:00:00	994.869122		0.45%
1/20/2016 16:00:00	999.314799		-0.20%
1/21/2016 16:00:00	997.342039		2.35%
1/22/2016 16:00:00	1020.768744		-2.29%
1/25/2016 16:00:00	997.372635		2.07%
1/26/2016 16:00:00	1017.973965		-1.50%
1/27/2016 16:00:00	1002.746961		0.05%
1/28/2016 16:00:00	1003.273048		3.20%
1/29/2016 16:00:00	1035.380964		-0.29%
2/1/2016 16:00:00	1032.388244		-2.28%
2/2/2016 16:00:00	1008.835102		0.14%
2/3/2016 16:00:00	1010.297616		0.44%
2/4/2016 16:00:00	1014.788958		-2.87%
2/5/2016 16:00:00	985.618272		-1.65%
2/8/2016 16:00:00	969.337599		-0.56%
2/9/2016 16:00:00	963.895447		-0.04%
2/10/2016 16:00:00	963.480565		-1.01%
2/11/2016 16:00:00	953.715234		1.92%
2/12/2016 16:00:00	971.98991		2.45%
2/16/2016 16:00:00	995.801639		1.54%
2/17/2016 16:00:00	1011.132691		-0.64%
2/18/2016 16:00:00	1004.706436		0.53%
2/19/2016 16:00:00	1010.011077		1.16%
2/22/2016 16:00:00	1021.736301		-0.94%
2/23/2016 16:00:00	1012.150941		0.98%
2/24/2016 16:00:00	1022.077314		0.93%
2/25/2016 16:00:00	1031.576477		0.54%
2/26/2016 16:00:00	1037.183511		-0.32%
2/29/2016 16:00:00	1033.896124		1.99%
3/1/2016 16:00:00	1054.49411		1.06%
3/2/2016 16:00:00	1065.672735		0.97%
3/3/2016 16:00:00	1076.048311		0.55%
3/4/2016 16:00:00	1081.934725		1.13%
3/7/2016 16:00:00	1094.145518		-2.40%
3/8/2016 16:00:00	1067.878311		0.46%
3/9/2016 16:00:00	1072.765072		-0.82%
3/10/2016 16:00:00	1063.989033		2.22%
3/11/2016 16:00:00	1087.557081		-0.30%
3/14/2016 16:00:00	1084.249836		-1.62%
3/15/2016 16:00:00	1066.666278		0.74%
3/16/2016 16:00:00	1074.511182		1.56%
3/17/2016 16:00:00	1091.253095		0.96%
3/18/2016 16:00:00	1101.708971		-0.28%
3/21/2016 16:00:00	1098.577632		-0.11%
3/22/2016 16:00:00	1097.338917		-1.97%
3/23/2016 16:00:00	1075.699172		0.36%
3/24/2016 16:00:00	1079.537279		0.06%
3/28/2016 16:00:00	1080.229694		2.67%
3/29/2016 16:00:00	1109.082415		0.12%
3/30/2016 16:00:00	1110.442339		0.32%
3/31/2016 16:00:00	1114.028384		0.33%
4/1/2016 16:00:00	1117.684913		-0.82%
4/4/2016 16:00:00	1108.469649		-1.14%
4/5/2016 16:00:00	1095.854163		1.18%
4/6/2016 16:00:00	1108.81286		-1.45%
4/7/2016 16:00:00	1092.785083		0.41%
4/8/2016 16:00:00	1097.313721		-0.27%
4/11/2016 16:00:00	1094.342099		1.04%
4/12/2016 16:00:00	1105.713165		2.19%
4/13/2016 16:00:00	1129.925776		-0.12%
4/14/2016 16:00:00	1128.58938		0.21%
4/15/2016 16:00:00	1130.923275		0.74%
4/18/2016 16:00:00	1139.278315		0.08%
4/19/2016 16:00:00	1140.233229		0.18%
4/20/2016 16:00:00	1142.294068		-0.57%
4/21/2016 16:00:00	1135.770389		0.96%
4/22/2016 16:00:00	1146.690251		-0.75%
4/25/2016 16:00:00	1138.09468		1.11%
4/26/2016 16:00:00	1150.728144		0.30%
4/27/2016 16:00:00	1154.148943		-1.19%
4/28/2016 16:00:00	1140.397865		-0.84%
4/29/2016 16:00:00	1130.844997		0.89%
5/2/2016 16:00:00	1140.920496		-1.68%
5/3/2016 16:00:00	1121.756409		-0.77%
5/4/2016 16:00:00	1113.134699		-0.47%
5/5/2016 16:00:00	1107.948148		0.61%
5/6/2016 16:00:00	1114.719614		0.32%
5/9/2016 16:00:00	1118.253914		0.95%
5/10/2016 16:00:00	1128.832806		-1.25%
5/11/2016 16:00:00	1114.73069		-0.55%
5/12/2016 16:00:00	1108.598894		-0.56%
5/13/2016 16:00:00	1102.438677		1.25%
5/16/2016 16:00:00	1116.211821		-1.66%
5/17/2016 16:00:00	1097.675921		0.48%
5/18/2016 16:00:00	1102.95392		-0.74%
5/19/2016 16:00:00	1094.754992		1.60%
5/20/2016 16:00:00	1112.275542		-0.08%
5/23/2016 16:00:00	1111.367156		2.15%
5/24/2016 16:00:00	1135.306839		0.50%
5/25/2016 16:00:00	1141.024021		-0.11%
5/26/2016 16:00:00	1139.753721		0.94%
5/27/2016 16:00:00	1150.448313		0.38%
5/31/2016 16:00:00	1154.792386		0.71%
6/1/2016 16:00:00	1163.041111		0.65%
6/2/2016 16:00:00	1170.584015		-0.55%
6/3/2016 16:00:00	1164.135153		1.09%
6/6/2016 16:00:00	1176.871539		0.26%
6/7/2016 16:00:00	1179.973403		0.76%
6/8/2016 16:00:00	1188.954196		-0.65%
6/9/2016 16:00:00	1181.20191		-1.46%
6/10/2016 16:00:00	1163.930704		-1.14%
6/13/2016 16:00:00	1150.699104		-0.25%
6/14/2016 16:00:00	1147.822708		0.13%
6/15/2016 16:00:00	1149.302125		-0.10%
6/16/2016 16:00:00	1148.190716		-0.30%
6/17/2016 16:00:00	1144.698468		1.14%
6/20/2016 16:00:00	1157.701417		-0.33%
6/21/2016 16:00:00	1153.871263		-0.42%
6/22/2016 16:00:00	1148.971114		2.02%
6/23/2016 16:00:00	1172.22206		-3.81%
6/24/2016 16:00:00	1127.537673		-3.36%
6/27/2016 16:00:00	1089.645992		1.62%
6/28/2016 16:00:00	1107.29764		2.20%
6/29/2016 16:00:00	1131.617274		1.79%
6/30/2016 16:00:00	1151.923021		0.42%
7/1/2016 16:00:00	1156.769845		-1.50%
7/5/2016 16:00:00	1139.452926		0.69%
7/6/2016 16:00:00	1147.332512		0.21%
7/7/2016 16:00:00	1149.755682		2.40%
7/8/2016 16:00:00	1177.36023		1.08%
7/11/2016 16:00:00	1190.03318		1.33%
7/12/2016 16:00:00	1205.887893		-0.39%
7/13/2016 16:00:00	1201.160682		0.08%
7/14/2016 16:00:00	1202.170603		0.26%
7/15/2016 16:00:00	1205.309013		0.22%
7/18/2016 16:00:00	1207.906033		-0.62%
7/19/2016 16:00:00	1200.445298		0.77%
7/20/2016 16:00:00	1209.744458		-0.49%
7/21/2016 16:00:00	1203.859588		0.75%
7/22/2016 16:00:00	1212.889358		-0.25%
7/25/2016 16:00:00	1209.821515		0.58%
7/26/2016 16:00:00	1216.858774		0.17%
7/27/2016 16:00:00	1218.92666		-0.13%
7/28/2016 16:00:00	1217.325469		0.21%
7/29/2016 16:00:00	1219.941748		-0.07%
8/1/2016 16:00:00	1219.124629		-1.38%
8/2/2016 16:00:00	1202.349303		0.86%
8/3/2016 16:00:00	1212.725465		0.09%
8/4/2016 16:00:00	1213.758802		1.45%
8/5/2016 16:00:00	1231.299126		-0.07%
8/8/2016 16:00:00	1230.42176		0.11%
8/9/2016 16:00:00	1231.744968		-0.69%
8/10/2016 16:00:00	1223.274491		0.48%
8/11/2016 16:00:00	1229.115745		0.06%
8/12/2016 16:00:00	1229.81988		0.98%
8/15/2016 16:00:00	1241.863953		-0.86%
8/16/2016 16:00:00	1231.128899		-0.28%
8/17/2016 16:00:00	1227.681463		0.75%
8/18/2016 16:00:00	1236.849346		-0.01%
8/19/2016 16:00:00	1236.769184		0.24%
8/22/2016 16:00:00	1239.743573		0.71%
8/23/2016 16:00:00	1248.581174		-0.91%
8/24/2016 16:00:00	1237.249986		0.22%
8/25/2016 16:00:00	1240.004773		-0.16%
8/26/2016 16:00:00	1238.0315		0.56%
8/29/2016 16:00:00	1244.943386		0.09%
8/30/2016 16:00:00	1246.029927		-0.49%
8/31/2016 16:00:00	1239.907103		-0.01%
9/1/2016 16:00:00	1239.803594		0.97%
9/2/2016 16:00:00	1251.83111		0.12%
9/6/2016 16:00:00	1253.370431		0.61%
9/7/2016 16:00:00	1261.008345		-0.21%
9/8/2016 16:00:00	1258.358676		-3.11%
9/9/2016 16:00:00	1219.210163		1.37%
9/12/2016 16:00:00	1235.87139		-1.91%
9/13/2016 16:00:00	1212.319719		-0.06%
9/14/2016 16:00:00	1211.59076		1.27%
9/15/2016 16:00:00	1227.022741		-0.18%
9/16/2016 16:00:00	1224.778696		0.63%
9/19/2016 16:00:00	1232.526156		-0.34%
9/20/2016 16:00:00	1228.329672		1.36%
9/21/2016 16:00:00	1245.039599		1.48%
9/22/2016 16:00:00	1263.438287		-0.70%
9/23/2016 16:00:00	1254.622942		-1.09%
9/26/2016 16:00:00	1240.938127		0.44%
9/27/2016 16:00:00	1246.380621		0.74%
9/28/2016 16:00:00	1255.665746		-1.43%
9/29/2016 16:00:00	1237.751037		1.12%
9/30/2016 16:00:00	1251.64616		-0.47%
10/3/2016 16:00:00	1245.783993		-0.48%
10/4/2016 16:00:00	1239.777713		0.69%
10/5/2016 16:00:00	1248.371093		-0.17%
10/6/2016 16:00:00	1246.239273		-0.78%
10/7/2016 16:00:00	1236.558908		1.15%
10/10/2016 16:00:00	1250.76441		-1.85%
10/11/2016 16:00:00	1227.623334		-0.03%
10/12/2016 16:00:00	1227.225869		-0.94%
10/13/2016 16:00:00	1215.749705		-0.27%
10/14/2016 16:00:00	1212.407702		-0.19%
10/17/2016 16:00:00	1210.136409		0.59%
10/18/2016 16:00:00	1217.299806		0.44%
10/19/2016 16:00:00	1222.641927		-0.23%
10/20/2016 16:00:00	1219.787288		-0.14%
10/21/2016 16:00:00	1218.095732		0.69%
10/24/2016 16:00:00	1226.448429		-0.84%
10/25/2016 16:00:00	1216.104029		-0.93%
10/26/2016 16:00:00	1204.749265		-1.23%
10/27/2016 16:00:00	1189.946732		-0.20%
10/28/2016 16:00:00	1187.61335		0.32%
10/31/2016 16:00:00	1191.388182		-1.13%
11/1/2016 16:00:00	1177.943103		-1.31%
11/2/2016 16:00:00	1162.524624		-0.49%
11/3/2016 16:00:00	1156.885285		0.57%
11/4/2016 16:00:00	1163.438708		2.48%
11/7/2016 16:00:00	1192.251661		0.24%
11/8/2016 16:00:00	1195.144201		3.10%
11/9/2016 16:00:00	1232.162478		1.58%
11/10/2016 16:00:00	1251.60787		2.46%
11/11/2016 16:00:00	1282.393577		1.26%
11/14/2016 16:00:00	1298.59546		0.27%
11/15/2016 16:00:00	1302.143993		0.00%
11/16/2016 16:00:00	1302.200063		0.56%
11/17/2016 16:00:00	1309.484527		0.47%
11/18/2016 16:00:00	1315.64199		0.50%
11/21/2016 16:00:00	1322.234226		1.50%
11/22/2016 16:00:00	1342.093633		0.00%
11/23/2016 16:00:00	1342.093633		0.38%
11/25/2016 13:00:00	1347.202459		-1.29%
11/28/2016 16:00:00	1329.82777		-0.12%
11/29/2016 16:00:00	1328.219467		-0.44%
11/30/2016 16:00:00	1322.33943		-0.65%
12/1/2016 16:00:00	1313.803513		0.03%
12/2/2016 16:00:00	1314.253176		1.79%
12/5/2016 16:00:00	1337.7862		1.11%
12/6/2016 16:00:00	1352.667727		0.88%
12/7/2016 16:00:00	1364.506059		1.73%
12/8/2016 16:00:00	1388.073366		0.00%
12/9/2016 16:00:00	1388.073366		-1.08%
12/12/2016 16:00:00	1373.142127		0.03%
12/13/2016 16:00:00	1373.534085		-1.27%
12/14/2016 16:00:00	1356.023508		0.77%
12/15/2016 16:00:00	1366.413748		-0.16%
12/16/2016 16:00:00	1364.189443		0.55%
12/19/2016 16:00:00	1371.683822		0.89%
12/20/2016 16:00:00	1383.955654		-0.63%
12/21/2016 16:00:00	1375.192794		-0.91%
12/22/2016 16:00:00	1362.658976		0.65%
12/23/2016 16:00:00	1371.509989		0.45%
12/27/2016 16:00:00	1377.707276		-1.23%
12/28/2016 16:00:00	1360.825499		0.17%
12/29/2016 16:00:00	1363.176921		-0.44%
12/30/2016 16:00:00	1357.129784		0.62%
1/3/2017 16:00:00	1365.491748		1.64%
1/4/2017 16:00:00	1387.953898		-1.15%
1/5/2017 16:00:00	1371.935952		-0.34%
1/6/2017 16:00:00	1367.28141		-0.72%
1/9/2017 16:00:00	1357.491315		0.99%
1/10/2017 16:00:00	1370.904299		0.17%
1/11/2017 16:00:00	1373.299532		-0.89%
1/12/2017 16:00:00	1361.066286		0.81%
1/13/2017 16:00:00	1372.047115		-1.44%
1/17/2017 16:00:00	1352.323647		0.46%
1/18/2017 16:00:00	1358.555895		-0.94%
1/19/2017 16:00:00	1345.744108		0.45%
1/20/2017 16:00:00	1351.848209		-0.30%
1/23/2017 16:00:00	1347.83555		1.59%
1/24/2017 16:00:00	1369.210207		0.97%
1/25/2017 16:00:00	1382.436798		-0.49%
1/26/2017 16:00:00	1375.595107		-0.36%
1/27/2017 16:00:00	1370.704254		-1.34%
1/30/2017 16:00:00	1352.33246		0.70%
1/31/2017 16:00:00	1361.823701		-0.04%
2/1/2017 16:00:00	1361.227913		-0.28%
2/2/2017 16:00:00	1357.432053		1.50%
2/3/2017 16:00:00	1377.837278		-0.81%
2/6/2017 16:00:00	1366.660049		-0.41%
2/7/2017 16:00:00	1361.060743		-0.17%
2/8/2017 16:00:00	1358.737075		1.46%
2/9/2017 16:00:00	1378.526391		0.75%
2/10/2017 16:00:00	1388.843646		0.25%
2/13/2017 16:00:00	1392.378371		0.31%
2/14/2017 16:00:00	1396.650826		0.54%
2/15/2017 16:00:00	1404.207079		-0.36%
2/16/2017 16:00:00	1399.133451		0.05%
2/17/2017 16:00:00	1399.861908		0.75%
2/21/2017 16:00:00	1410.343917		-0.46%
2/22/2017 16:00:00	1403.855058		-0.66%
2/23/2017 16:00:00	1394.622759		-0.01%
2/24/2017 16:00:00	1394.524896		0.96%
2/27/2017 16:00:00	1407.969742		-1.51%
2/28/2017 16:00:00	1386.683922		1.94%
3/1/2017 16:00:00	1413.635483		-1.27%
3/2/2017 16:00:00	1395.668375		-0.11%
3/3/2017 16:00:00	1394.126697		-0.71%
3/6/2017 16:00:00	1384.245395		-0.68%
3/7/2017 16:00:00	1374.875638		-0.64%
3/8/2017 16:00:00	1366.039427		-0.43%
3/9/2017 16:00:00	1360.119444		0.38%
3/10/2017 16:00:00	1365.264733		0.37%
3/13/2017 16:00:00	1370.284708		-0.58%
3/14/2017 16:00:00	1362.378636		1.50%
3/15/2017 16:00:00	1382.829884		0.23%
3/16/2017 16:00:00	1386.028618		0.40%
3/17/2017 16:00:00	1391.523527		-0.53%
3/20/2017 16:00:00	1384.09598		-2.71%
3/21/2017 16:00:00	1346.546336		-0.07%
3/22/2017 16:00:00	1345.598262		0.58%
3/23/2017 16:00:00	1353.425306		0.09%
3/24/2017 16:00:00	1354.642146		0.20%
3/27/2017 16:00:00	1357.321178		0.73%
3/28/2017 16:00:00	1367.260853		0.32%
3/29/2017 16:00:00	1371.644834		0.78%
3/30/2017 16:00:00	1382.345111		0.26%
3/31/2017 16:00:00	1385.919708		-1.17%
4/3/2017 16:00:00	1369.667902		-0.11%
4/4/2017 16:00:00	1368.175078		-1.17%
4/5/2017 16:00:00	1352.142608		0.91%
4/6/2017 16:00:00	1364.425825		0.01%
4/7/2017 16:00:00	1364.562983		0.18%
4/10/2017 16:00:00	1367.085202		0.72%
4/11/2017 16:00:00	1376.946374		-1.29%
4/12/2017 16:00:00	1359.198839		-1.03%
4/13/2017 16:00:00	1345.243497		1.18%
4/17/2017 16:00:00	1361.179725		0.05%
4/18/2017 16:00:00	1361.894449		0.38%
4/19/2017 16:00:00	1367.133343		1.24%
4/20/2017 16:00:00	1384.149914		-0.31%
4/21/2017 16:00:00	1379.854062		1.31%
4/24/2017 16:00:00	1397.94212		0.94%
4/25/2017 16:00:00	1411.07674		0.59%
4/26/2017 16:00:00	1419.430895		-0.16%
4/27/2017 16:00:00	1417.127019		-1.18%
4/28/2017 16:00:00	1400.42827		0.50%
5/1/2017 16:00:00	1407.361957		-0.57%
5/2/2017 16:00:00	1399.361907		-0.60%
5/3/2017 16:00:00	1390.922172		-0.15%
5/4/2017 16:00:00	1388.846211		0.59%
5/5/2017 16:00:00	1396.995018		-0.38%
5/8/2017 16:00:00	1391.639412		0.02%
5/9/2017 16:00:00	1391.863782		0.56%
5/10/2017 16:00:00	1399.589507		-0.67%
5/11/2017 16:00:00	1390.19553		-0.53%
5/12/2017 16:00:00	1382.769826		0.81%
5/15/2017 16:00:00	1393.922814		0.05%
5/16/2017 16:00:00	1394.682848		-2.78%
5/17/2017 16:00:00	1355.889462		0.38%
5/18/2017 16:00:00	1361.077396		0.46%
5/19/2017 16:00:00	1367.330121		0.72%
5/22/2017 16:00:00	1377.139276		0.28%
5/23/2017 16:00:00	1380.981656		0.11%
5/24/2017 16:00:00	1382.508646		0.06%
5/25/2017 16:00:00	1383.387638		-0.08%
5/26/2017 16:00:00	1382.244059		-0.80%
5/30/2017 16:00:00	1371.193225		-0.07%
5/31/2017 16:00:00	1370.208022		1.89%
6/1/2017 16:00:00	1396.059684		0.67%
6/2/2017 16:00:00	1405.386594		-0.64%
6/5/2017 16:00:00	1396.450828		-0.11%
6/6/2017 16:00:00	1394.898677		0.13%
6/7/2017 16:00:00	1396.673743		1.36%
6/8/2017 16:00:00	1415.612156		0.43%
6/9/2017 16:00:00	1421.707056		-0.18%
6/12/2017 16:00:00	1419.211157		0.48%
6/13/2017 16:00:00	1425.984972		-0.59%
6/14/2017 16:00:00	1417.572696		-0.53%
6/15/2017 16:00:00	1410.083727		-0.24%
6/16/2017 16:00:00	1406.728078		0.81%
6/19/2017 16:00:00	1418.081262		
6/20/2017 16:00:00	1402.967785		